city-town,zone,code,areas,name,party
連江縣南竿鄉,連江縣南竿鄉第01選區,09007010-01,清水村/仁愛村/津沙村/馬祖村/介壽村/復興村/福沃村/珠螺村/四維村,,
連江縣北竿鄉,連江縣北竿鄉第01選區,09007020-01,橋仔村/芹壁村/坂里村/白沙村/塘岐村/后沃村,,
連江縣莒光鄉,連江縣莒光鄉第01選區,09007030-01,田沃村/西坵村/福正村/大坪村/青帆村,,
連江縣東引鄉,連江縣東引鄉第01選區,09007040-01,中柳村/樂華村,,
金門縣金城鎮,金門縣金城鎮第01選區,09020010-01,古城里/金水里/珠沙里/賢庵里/東門里/西門里/南門里/北門里,,
金門縣金沙鎮,金門縣金沙鎮第01選區,09020020-01,光前里/何斗里/西園里/官嶼里/汶沙里/三山里/大洋里/浦山里,,
金門縣金湖鎮,金門縣金湖鎮第01選區,09020030-01,正義里/料羅里/瓊林里/新湖里/新市里/山外里/溪湖里/蓮庵里,,
金門縣金寧鄉,金門縣金寧鄉第01選區,09020040-01,安美村/后盤村/湖埔村/榜林村/古寧村/盤山村,,
金門縣烈嶼鄉,金門縣烈嶼鄉第01選區,09020050-01,上岐村/上林村/西口村/林湖村/黃埔村,,
金門縣烏坵鄉,金門縣烏坵鄉第01選區,09020060-01,大坵村/小坵村,,
宜蘭縣宜蘭市,宜蘭縣宜蘭市第01選區,10002010-01,七結里/泰山里/復興里/負郭里/民族里/建軍里/思源里/文化里,,
宜蘭縣宜蘭市,宜蘭縣宜蘭市第02選區,10002010-02,大新里/擺厘里/神農里/民權里/進士里/南橋里/建業里/南津里/凱旋里/新民里,,
宜蘭縣宜蘭市,宜蘭縣宜蘭市第03選區,10002010-03,中興里/成功里/新東里/小東里/菜園里/孝廉里/黎明里/東門里/東村里/延平里/七張里/慈安里,,
宜蘭縣宜蘭市,宜蘭縣宜蘭市第04選區,10002010-04,西門里/南門里/中山里/新生里/茭白里/北津里/梅洲里/北門里,,
宜蘭縣羅東鎮,宜蘭縣羅東鎮第01選區,10002020-01,新群里/大新里/東安里/開明里,,
宜蘭縣羅東鎮,宜蘭縣羅東鎮第02選區,10002020-02,仁和里/羅莊里/南昌里/南豪里/成功里/仁德里,,
宜蘭縣羅東鎮,宜蘭縣羅東鎮第03選區,10002020-03,中山里/國華里/維揚里/西安里/北成里/漢民里,,
宜蘭縣羅東鎮,宜蘭縣羅東鎮第04選區,10002020-04,公正里/集祥里/信義里/竹林里/仁愛里/樹林里/賢文里,,
宜蘭縣蘇澳鎮,宜蘭縣蘇澳鎮第01選區,10002030-01,東澳里/南強里/朝陽里,,
宜蘭縣蘇澳鎮,宜蘭縣蘇澳鎮第02選區,10002030-02,南成里/南興里/南寧里/南建里/南安里/南正里,,
宜蘭縣蘇澳鎮,宜蘭縣蘇澳鎮第03選區,10002030-03,聖湖里/聖愛里/蘇西里/蘇北里/永春里/永樂里/蘇南里/蘇東里/長安里/永光里,,
宜蘭縣蘇澳鎮,宜蘭縣蘇澳鎮第04選區,10002030-04,港邊里/隘丁里/新城里/龍德里/頂寮里/永榮里/存仁里,,
宜蘭縣頭城鎮,宜蘭縣頭城鎮第01選區,10002040-01,頂埔里/下埔里/中崙里/二城里/福成里/金面里/金盈里,,
宜蘭縣頭城鎮,宜蘭縣頭城鎮第02選區,10002040-02,新建里/拔雅里/城西里/城南里/竹安里,,
宜蘭縣頭城鎮,宜蘭縣頭城鎮第03選區,10002040-03,武營里/大坑里/城東里/城北里/港口里,,
宜蘭縣頭城鎮,宜蘭縣頭城鎮第04選區,10002040-04,龜山里/合興里/更新里/外澳里/石城里/大里里/大溪里,,
宜蘭縣礁溪鄉,宜蘭縣礁溪鄉第01選區,10002050-01,德陽村/大忠村/大義村/六結村/白雲村/玉石村,,
宜蘭縣礁溪鄉,宜蘭縣礁溪鄉第02選區,10002050-02,二龍村/時潮村/玉田村,,
宜蘭縣礁溪鄉,宜蘭縣礁溪鄉第03選區,10002050-03,三民村/林美村/白鵝村/玉光村,,
宜蘭縣礁溪鄉,宜蘭縣礁溪鄉第04選區,10002050-04,光武村/吳沙村/龍潭村/匏崙村/二結村,,
宜蘭縣壯圍鄉,宜蘭縣壯圍鄉第01選區,10002060-01,美福村/新南村/吉祥村/古結村,,
宜蘭縣壯圍鄉,宜蘭縣壯圍鄉第02選區,10002060-02,東港村/復興村/過嶺村/永鎮村,,
宜蘭縣壯圍鄉,宜蘭縣壯圍鄉第03選區,10002060-03,忠孝村/古亭村,,
宜蘭縣壯圍鄉,宜蘭縣壯圍鄉第04選區,10002060-04,大福村/功勞村/美城村/新社村,,
宜蘭縣員山鄉,宜蘭縣員山鄉第01選區,10002070-01,員山村/尚德村/惠好村,,
宜蘭縣員山鄉,宜蘭縣員山鄉第02選區,10002070-02,七賢村/深溝村/蓁巷村/內城村/中華村,,
宜蘭縣員山鄉,宜蘭縣員山鄉第03選區,10002070-03,永和村/同樂村/頭分村/枕山村,,
宜蘭縣員山鄉,宜蘭縣員山鄉第04選區,10002070-04,湖東村/逸仙村/湖北村/湖西村,,
宜蘭縣冬山鄉,宜蘭縣冬山鄉第01選區,10002080-01,珍珠村/補城村/南興村/三奇村/大興村/東城村/香和村/安平村,,
宜蘭縣冬山鄉,宜蘭縣冬山鄉第02選區,10002080-02,冬山村/太和村/八寶村/丸山村/中山村/順安村/永美村,,
宜蘭縣冬山鄉,宜蘭縣冬山鄉第03選區,10002080-03,武淵村/群英村/清溝村,,
宜蘭縣冬山鄉,宜蘭縣冬山鄉第04選區,10002080-04,廣安村/柯林村/大進村/得安村/廣興村/鹿埔村,,
宜蘭縣五結鄉,宜蘭縣五結鄉第01選區,10002090-01,三興村/二結村/鎮安村,,
宜蘭縣五結鄉,宜蘭縣五結鄉第02選區,10002090-02,上四村/中興村/四結村,,
宜蘭縣五結鄉,宜蘭縣五結鄉第03選區,10002090-03,福興村/五結村/協和村,,
宜蘭縣五結鄉,宜蘭縣五結鄉第04選區,10002090-04,大吉村/孝威村/錦眾村,,
宜蘭縣五結鄉,宜蘭縣五結鄉第05選區,10002090-05,利澤村/成興村/季新村,,
宜蘭縣三星鄉,宜蘭縣三星鄉第01選區,10002100-01,雙賢村/人和村/義德村/集慶村/月眉村,,
宜蘭縣三星鄉,宜蘭縣三星鄉第02選區,10002100-02,萬德村/貴林村/萬富村/員山村/天山村/天福村,,
宜蘭縣三星鄉,宜蘭縣三星鄉第03選區,10002100-03,大隱村/行健村/拱照村,,
宜蘭縣三星鄉,宜蘭縣三星鄉第04選區,10002100-04,大義村/尚武村/大洲村/尾塹村,,
宜蘭縣大同鄉,宜蘭縣大同鄉第01選區,10002110-01,寒溪村,,
宜蘭縣大同鄉,宜蘭縣大同鄉第02選區,10002110-02,崙埤村/松羅村/復興村,,
宜蘭縣大同鄉,宜蘭縣大同鄉第03選區,10002110-03,英士村/樂水村/太平村,,
宜蘭縣大同鄉,宜蘭縣大同鄉第04選區,10002110-04,茂安村/四季村/南山村,,
宜蘭縣南澳鄉,宜蘭縣南澳鄉第01選區,10002120-01,南澳村/東岳村,,
宜蘭縣南澳鄉,宜蘭縣南澳鄉第02選區,10002120-02,碧候村/金岳村,,
宜蘭縣南澳鄉,宜蘭縣南澳鄉第03選區,10002120-03,武塔村/金洋村,,
宜蘭縣南澳鄉,宜蘭縣南澳鄉第04選區,10002120-04,澳花村,,
新竹縣竹北市,新竹縣竹北市第01選區,10004010-01,文化里/隘口里/東海里/鹿場里/東平里/中興里/十興里/東興里/北興里/興安里,,
新竹縣竹北市,新竹縣竹北市第02選區,10004010-02,中崙里/竹北里/竹仁里/斗崙里/竹義里/北崙里/新崙里/福德里/泰和里,,
新竹縣竹北市,新竹縣竹北市第03選區,10004010-03,新國里/新社里/聯興里,,
新竹縣竹北市,新竹縣竹北市第04選區,10004010-04,尚義里/新庄里/新港里/大義里/崇義里/大眉里/麻園里/溪州里/白地里,,
新竹縣竹東鎮,新竹縣竹東鎮第01選區,10004020-01,員崠里/東寧里/上舘里/上坪里/瑞峰里/軟橋里/中正里,,
新竹縣竹東鎮,新竹縣竹東鎮第02選區,10004020-02,大鄉里/東華里/商華里/中山里/南華里/忠孝里/竹東里,,
新竹縣竹東鎮,新竹縣竹東鎮第03選區,10004020-03,榮華里/陸豐里/榮樂里/鷄林里/仁愛里/五豐里,,
新竹縣竹東鎮,新竹縣竹東鎮第04選區,10004020-04,三重里/頭重里/員山里/柯湖里/二重里,,
新竹縣新埔鎮,新竹縣新埔鎮第01選區,10004030-01,五埔里/四座里/旱坑里/田新里/新埔里/新生里/新民里,,
新竹縣新埔鎮,新竹縣新埔鎮第02選區,10004030-02,巨埔里/照門里/清水里/鹿鳴里/新北里,,
新竹縣新埔鎮,新竹縣新埔鎮第03選區,10004030-03,文山里/內立里/寶石里,,
新竹縣新埔鎮,新竹縣新埔鎮第04選區,10004030-04,北平里/上寮里/下寮里/南平里,,
新竹縣關西鎮,新竹縣關西鎮第01選區,10004040-01,西安里/南雄里/北斗里/仁安里/東興里/北山里/南山里,,
新竹縣關西鎮,新竹縣關西鎮第02選區,10004040-02,東安里/金山里/錦山里/東山里,,
新竹縣關西鎮,新竹縣關西鎮第03選區,10004040-03,東光里/南新里/玉山里/新富里,,
新竹縣關西鎮,新竹縣關西鎮第04選區,10004040-04,東平里/大同里/石光里/上林里/新力里/南和里,,
新竹縣湖口鄉,新竹縣湖口鄉第01選區,10004050-01,信勢村/德盛村/和興村/信義村,,
新竹縣湖口鄉,新竹縣湖口鄉第02選區,10004050-02,勝利村/湖南村/波羅村/鳳凰村/鳳山村/湖鏡村/中興村,,
新竹縣湖口鄉,新竹縣湖口鄉第03選區,10004050-03,長安村/中勢村/長嶺村/湖口村/中正村,,
新竹縣湖口鄉,新竹縣湖口鄉第04選區,10004050-04,孝勢村/仁勢村/愛勢村/東興村,,
新竹縣新豐鄉,新竹縣新豐鄉第01選區,10004060-01,福興村/青埔村/瑞興村/中崙村,,
新竹縣新豐鄉,新竹縣新豐鄉第02選區,10004060-02,後湖村/新豐村/埔和村/坡頭村,,
新竹縣新豐鄉,新竹縣新豐鄉第03選區,10004060-03,忠孝村/員山村/山崎村,,
新竹縣新豐鄉,新竹縣新豐鄉第04選區,10004060-04,重興村/松林村/上坑村/鳳坑村/松柏村/崎頂村,,
新竹縣芎林鄉,新竹縣芎林鄉第01選區,10004070-01,五龍村/華龍村/秀湖村,,
新竹縣芎林鄉,新竹縣芎林鄉第02選區,10004070-02,永興村/石潭村,,
新竹縣芎林鄉,新竹縣芎林鄉第03選區,10004070-03,中坑村/水坑村/新鳳村,,
新竹縣芎林鄉,新竹縣芎林鄉第04選區,10004070-04,文林村/芎林村/上山村/下山村,,
新竹縣橫山鄉,新竹縣橫山鄉第01選區,10004080-01,橫山村/田寮村/南昌村/豐鄉村,,
新竹縣橫山鄉,新竹縣橫山鄉第02選區,10004080-02,新興村/豐田村/大肚村,,
新竹縣橫山鄉,新竹縣橫山鄉第03選區,10004080-03,內灣村/力行村,,
新竹縣橫山鄉,新竹縣橫山鄉第04選區,10004080-04,福興村/沙坑村,,
新竹縣北埔鄉,新竹縣北埔鄉第01選區,10004090-01,南埔村/大林村/南興村,,
新竹縣北埔鄉,新竹縣北埔鄉第02選區,10004090-02,北埔村/埔尾村/水磜村,,
新竹縣北埔鄉,新竹縣北埔鄉第03選區,10004090-03,大湖村/南坑村/外坪村,,
新竹縣寶山鄉,新竹縣寶山鄉第01選區,10004100-01,雙新村/雙溪村/大崎村,,
新竹縣寶山鄉,新竹縣寶山鄉第02選區,10004100-02,三峰村/新城村,,
新竹縣寶山鄉,新竹縣寶山鄉第03選區,10004100-03,深井村/寶斗村,,
新竹縣寶山鄉,新竹縣寶山鄉第04選區,10004100-04,山湖村/寶山村/油田村,,
新竹縣峨眉鄉,新竹縣峨眉鄉第01選區,10004110-01,峨眉村/中盛村/七星村,,
新竹縣峨眉鄉,新竹縣峨眉鄉第02選區,10004110-02,湖光村/石井村/富興村,,
新竹縣尖石鄉,新竹縣尖石鄉第01選區,10004120-01,嘉樂村/新樂村,,
新竹縣尖石鄉,新竹縣尖石鄉第02選區,10004120-02,錦屏村/義興村/梅花村,,
新竹縣尖石鄉,新竹縣尖石鄉第03選區,10004120-03,玉峰村/秀巒村,,
新竹縣五峰鄉,新竹縣五峰鄉第01選區,10004130-01,大隘村,,
新竹縣五峰鄉,新竹縣五峰鄉第02選區,10004130-02,桃山村,,
新竹縣五峰鄉,新竹縣五峰鄉第03選區,10004130-03,花園村/竹林村,,
苗栗縣苗栗市,苗栗縣苗栗市第01選區,10005010-01,玉清里/玉華里/維新里/維祥里/中苗里/青苗里,,
苗栗縣苗栗市,苗栗縣苗栗市第02選區,10005010-02,水源里/玉苗里/大同里/新苗里/勝利里/恭敬里/綠苗里/高苗里,,
苗栗縣苗栗市,苗栗縣苗栗市第03選區,10005010-03,嘉新里/福安里/上苗里/北苗里/清華里/嘉盛里/福星里,,
苗栗縣苗栗市,苗栗縣苗栗市第04選區,10005010-04,新川里/文山里/南勢里/文聖里/福麗里/新英里/建功里,,
苗栗縣苑裡鎮,苗栗縣苑裡鎮第01選區,10005020-01,苑北里/西平里/苑港里/西勢里/苑東里/苑南里/海岸里/房裡里/客庄里/中正里/苑坑里/水坡里/新復里,,
苗栗縣苑裡鎮,苗栗縣苑裡鎮第02選區,10005020-02,南勢里/山脚里/舊社里/福田里/石鎮里/蕉埔里,,
苗栗縣苑裡鎮,苗栗縣苑裡鎮第03選區,10005020-03,泰田里/田心里/上舘里/玉田里/山柑里/社苓里,,
苗栗縣通霄鎮,苗栗縣通霄鎮第01選區,10005030-01,平安里/通西里/平元里/梅南里/圳頭里/通東里/通南里,,
苗栗縣通霄鎮,苗栗縣通霄鎮第02選區,10005030-02,內湖里/楓樹里/烏眉里/福龍里/福源里,,
苗栗縣通霄鎮,苗栗縣通霄鎮第03選區,10005030-03,五北里/福興里/坪頂里/五南里/城北里/城南里/南和里,,
苗栗縣通霄鎮,苗栗縣通霄鎮第04選區,10005030-04,新埔里/內島里/白東里/白西里/通灣里,,
苗栗縣竹南鎮,苗栗縣竹南鎮第01選區,10005040-01,竹南里/照南里/正南里/新南里/大厝里,,
苗栗縣竹南鎮,苗栗縣竹南鎮第02選區,10005040-02,龍鳳里/營盤里/聖福里/竹興里/佳興里/天文里/龍山里/山佳里,,
苗栗縣竹南鎮,苗栗縣竹南鎮第03選區,10005040-03,中華里/中英里/中美里/開元里/中港里/海口里/港墘里/公舘里,,
苗栗縣竹南鎮,苗栗縣竹南鎮第04選區,10005040-04,頂埔里/崎頂里/公義里/大埔里,,
苗栗縣頭份市,苗栗縣頭份市第01選區,10005050-01,流東里/珊湖里/斗煥里/新華里/興隆里,,
苗栗縣頭份市,苗栗縣頭份市第02選區,10005050-02,上興里/下興里/信義里/和平里/仁愛里/自強里/頭份里/忠孝里/上埔里/土牛里,,
苗栗縣頭份市,苗栗縣頭份市第03選區,10005050-03,建國里/成功里/後庄里/山下里/蟠桃里/中興里/合興里/文化里,,
苗栗縣頭份市,苗栗縣頭份市第04選區,10005050-04,民權里/民族里/東庄里/田寮里,,
苗栗縣頭份市,苗栗縣頭份市第05選區,10005050-05,尖山里/尖下里/廣興里/濫坑里/民生里/蘆竹里,,
苗栗縣後龍鎮,苗栗縣後龍鎮第01選區,10005060-01,東明里/灣寶里/海寶里/南龍里/中龍里/北龍里/大庄里,,
苗栗縣後龍鎮,苗栗縣後龍鎮第02選區,10005060-02,復興里/校椅里/埔頂里/新民里/豐富里,,
苗栗縣後龍鎮,苗栗縣後龍鎮第03選區,10005060-03,大山里/水尾里/外埔里/海埔里/秀水里/溪洲里,,
苗栗縣後龍鎮,苗栗縣後龍鎮第04選區,10005060-04,福寧里/中和里/南港里/龍坑里/龍津里,,
苗栗縣卓蘭鎮,苗栗縣卓蘭鎮第01選區,10005070-01,中街里/老庄里/新榮里/新厝里,,
苗栗縣卓蘭鎮,苗栗縣卓蘭鎮第02選區,10005070-02,苗豐里/豐田里/西坪里,,
苗栗縣卓蘭鎮,苗栗縣卓蘭鎮第03選區,10005070-03,內灣里/上新里,,
苗栗縣卓蘭鎮,苗栗縣卓蘭鎮第04選區,10005070-04,坪林里/景山里,,
苗栗縣大湖鄉,苗栗縣大湖鄉第01選區,10005080-01,大寮村/大湖村/明湖村,,
苗栗縣大湖鄉,苗栗縣大湖鄉第02選區,10005080-02,大南村/靜湖村/富興村,,
苗栗縣大湖鄉,苗栗縣大湖鄉第03選區,10005080-03,南湖村/東興村/武榮村,,
苗栗縣大湖鄉,苗栗縣大湖鄉第04選區,10005080-04,義和村/栗林村/新開村,,
苗栗縣公館鄉,苗栗縣公館鄉第01選區,10005090-01,大坑村/中義村/玉泉村/館中村/館東村/館南村,,
苗栗縣公館鄉,苗栗縣公館鄉第02選區,10005090-02,福基村/福星村/開礦村/福德村/石墻村,,
苗栗縣公館鄉,苗栗縣公館鄉第03選區,10005090-03,北河村/鶴山村/仁安村/尖山村/南河村/五谷村/玉谷村/鶴岡村,,
苗栗縣銅鑼鄉,苗栗縣銅鑼鄉第01選區,10005100-01,銅鑼村,,
苗栗縣銅鑼鄉,苗栗縣銅鑼鄉第02選區,10005100-02,樟樹村/九湖村,,
苗栗縣銅鑼鄉,苗栗縣銅鑼鄉第03選區,10005100-03,福興村/竹森村/朝陽村,,
苗栗縣銅鑼鄉,苗栗縣銅鑼鄉第04選區,10005100-04,中平村,,
苗栗縣銅鑼鄉,苗栗縣銅鑼鄉第05選區,10005100-05,新隆村/興隆村/盛隆村,,
苗栗縣南庄鄉,苗栗縣南庄鄉第01選區,10005110-01,蓬萊村/東村/西村/南江村/東河村,,
苗栗縣南庄鄉,苗栗縣南庄鄉第02選區,10005110-02,獅山村/田美村,,
苗栗縣南庄鄉,苗栗縣南庄鄉第03選區,10005110-03,南富村/員林村,,
苗栗縣頭屋鄉,苗栗縣頭屋鄉第01選區,10005120-01,獅潭村/頭屋村/北坑村,,
苗栗縣頭屋鄉,苗栗縣頭屋鄉第02選區,10005120-02,曲洞村/飛鳳村,,
苗栗縣頭屋鄉,苗栗縣頭屋鄉第03選區,10005120-03,象山村,,
苗栗縣頭屋鄉,苗栗縣頭屋鄉第04選區,10005120-04,明德村,,
苗栗縣頭屋鄉,苗栗縣頭屋鄉第05選區,10005120-05,鳴鳳村,,
苗栗縣三義鄉,苗栗縣三義鄉第01選區,10005130-01,廣盛村,,
苗栗縣三義鄉,苗栗縣三義鄉第02選區,10005130-02,勝興村/龍騰村,,
苗栗縣三義鄉,苗栗縣三義鄉第03選區,10005130-03,双潭村/双湖村,,
苗栗縣三義鄉,苗栗縣三義鄉第04選區,10005130-04,西湖村/鯉魚潭村,,
苗栗縣西湖鄉,苗栗縣西湖鄉第01選區,10005140-01,下埔村/五湖村/四湖村/高埔村,,
苗栗縣西湖鄉,苗栗縣西湖鄉第02選區,10005140-02,金獅村/龍洞村/三湖村/湖東村/二湖村,,
苗栗縣造橋鄉,苗栗縣造橋鄉第01選區,10005150-01,造橋村,,
苗栗縣造橋鄉,苗栗縣造橋鄉第02選區,10005150-02,平興村/豐湖村,,
苗栗縣造橋鄉,苗栗縣造橋鄉第03選區,10005150-03,大西村/錦水村/大龍村,,
苗栗縣造橋鄉,苗栗縣造橋鄉第04選區,10005150-04,龍昇村/朝陽村/談文村,,
苗栗縣三灣鄉,苗栗縣三灣鄉第01選區,10005160-01,三灣村/內灣村/銅鏡村,,
苗栗縣三灣鄉,苗栗縣三灣鄉第02選區,10005160-02,頂寮村/北埔村,,
苗栗縣三灣鄉,苗栗縣三灣鄉第03選區,10005160-03,永和村/大河村/大坪村,,
苗栗縣獅潭鄉,苗栗縣獅潭鄉第01選區,10005170-01,百壽村/永興村/新店村,,
苗栗縣獅潭鄉,苗栗縣獅潭鄉第02選區,10005170-02,和興村/豐林村,,
苗栗縣獅潭鄉,苗栗縣獅潭鄉第03選區,10005170-03,竹木村/新豐村,,
苗栗縣泰安鄉,苗栗縣泰安鄉第01選區,10005180-01,八卦村/錦水村,,
苗栗縣泰安鄉,苗栗縣泰安鄉第02選區,10005180-02,清安村/大興村/中興村,,
苗栗縣泰安鄉,苗栗縣泰安鄉第03選區,10005180-03,梅園村/象鼻村/士林村,,
彰化縣彰化市,彰化縣彰化市第01選區,10007010-01,成功里/延和里/介壽里/延平里/建寶里/福安里/南興里/西安里/彰安里/光南里/大同里/永生里/華陽里/華北里/桃源里/東興里/南瑶里,,
彰化縣彰化市,彰化縣彰化市第02選區,10007010-02,崙平里/向陽里/五權里/長樂里/東芳里/南安里/西興里/西勢里/忠孝里/忠權里/南美里/莿桐里/萬壽里/中央里/富貴里/民權里/磚[磘]里/平和里,,
彰化縣彰化市,彰化縣彰化市第03選區,10007010-03,下廍里/興北里/信義里/民生里/文化里/陽明里/萬安里/新興里/新華里/永福里/光復里/光華里/龍山里/中山里/中正里/卦山里,,
彰化縣彰化市,彰化縣彰化市第04選區,10007010-04,茄苳里/茄南里/阿夷里/古夷里/竹巷里/田中里/復興里/和調里/石牌里/福田里/大竹里/竹中里/安溪里/三村里/國聖里/寶廍里/香山里/牛埔里/福山里/中庄里/台鳳里/快官里,,
彰化縣鹿港鎮,彰化縣鹿港鎮第01選區,10007020-01,永安里/新宮里/玉順里/大有里/中興里/洛津里/順興里/郭厝里/埔崙里/東石里,,
彰化縣鹿港鎮,彰化縣鹿港鎮第02選區,10007020-02,景福里/泰興里/長興里/龍山里/興化里/菜園里/街尾里,,
彰化縣鹿港鎮,彰化縣鹿港鎮第03選區,10007020-03,草中里/頭南里/山崙里/海埔里/詔安里/洋厝里,,
彰化縣鹿港鎮,彰化縣鹿港鎮第04選區,10007020-04,頭崙里/廖厝里/溝墘里/頂番里/鹿和里/鹿東里/頂厝里/東崎里,,
彰化縣和美鎮,彰化縣和美鎮第01選區,10007030-01,竹營里/和東里/和南里/面前里/和北里/和西里/四張里/頭前里,,
彰化縣和美鎮,彰化縣和美鎮第02選區,10007030-02,大霞里/源埤里/南佃里/雅溝里/鎮平里/山犁里/嘉犁里/詔安里/仁愛里,,
彰化縣和美鎮,彰化縣和美鎮第03選區,10007030-03,犁盛里/中寮里/中圍里/糖友里/竹園里/新庄里/柑井里/鐵山里,,
彰化縣和美鎮,彰化縣和美鎮第04選區,10007030-04,塗厝里/地潭里/湖內里/嘉寶里/月眉里/好修里/還社里,,
彰化縣線西鄉,彰化縣線西鄉第01選區,10007040-01,線西村/頂庄村/寓埔村,,
彰化縣線西鄉,彰化縣線西鄉第02選區,10007040-02,塭仔村/溝內村,,
彰化縣線西鄉,彰化縣線西鄉第03選區,10007040-03,頂犁村/德興村/下犁村,,
彰化縣伸港鄉,彰化縣伸港鄉第01選區,10007050-01,海尾村/全興村/大同村,,
彰化縣伸港鄉,彰化縣伸港鄉第02選區,10007050-02,定興村/溪底村,,
彰化縣伸港鄉,彰化縣伸港鄉第03選區,10007050-03,曾家村/泉厝村/蚵寮村/泉州村/什股村,,
彰化縣伸港鄉,彰化縣伸港鄉第04選區,10007050-04,埤墘村/新港村/七嘉村/汴頭村,,
彰化縣福興鄉,彰化縣福興鄉第01選區,10007060-01,外中村/元中村/三汴村/萬豐村/大崙村/外埔村/番婆村,,
彰化縣福興鄉,彰化縣福興鄉第02選區,10007060-02,橋頭村/秀厝村/番社村/社尾村/同安村/西勢村,,
彰化縣福興鄉,彰化縣福興鄉第03選區,10007060-03,頂粘村/福寶村/二港村/福興村/鎮平村/三和村/麥厝村/廈粘村/福南村,,
彰化縣秀水鄉,彰化縣秀水鄉第01選區,10007070-01,金興村/陝西村/安東村/秀水村/安溪村/莊雅村,,
彰化縣秀水鄉,彰化縣秀水鄉第02選區,10007070-02,鶴鳴村/馬興村/義興村,,
彰化縣秀水鄉,彰化縣秀水鄉第03選區,10007070-03,福安村/埔崙村/曾厝村/金陵村/下崙村,,
彰化縣花壇鄉,彰化縣花壇鄉第01選區,10007080-01,中庄村/劉厝村/崙雅村/南口村/花壇村/金墩村,,
彰化縣花壇鄉,彰化縣花壇鄉第02選區,10007080-02,中口村/北口村/長沙村/文德村/白沙村/岩竹村,,
彰化縣花壇鄉,彰化縣花壇鄉第03選區,10007080-03,長春村/灣雅村/灣東村/三春村/永春村/橋頭村,,
彰化縣芬園鄉,彰化縣芬園鄉第01選區,10007090-01,大埔村/竹林村/舊社村,,
彰化縣芬園鄉,彰化縣芬園鄉第02選區,10007090-02,社口村/茄荖村/嘉興村/芬園村/楓坑村,,
彰化縣芬園鄉,彰化縣芬園鄉第03選區,10007090-03,縣庄村/圳墘村/溪頭村,,
彰化縣芬園鄉,彰化縣芬園鄉第04選區,10007090-04,中崙村/大竹村/進芬村/同安村,,
彰化縣員林市,彰化縣員林市第01選區,10007100-01,大峯里/鎮興里/浮圳里/西東里/南東里/中東里/東北里/振興里/林厝里/出水里/湖水里/崙雅里,,
彰化縣員林市,彰化縣員林市第02選區,10007100-02,惠來里/東和里/民生里/黎明里/中央里/溝皂里/大饒里/大明里/萬年里,,
彰化縣員林市,彰化縣員林市第03選區,10007100-03,仁愛里/忠孝里/三條里/三和里/三橋里/仁美里/新興里/和平里/光明里/中正里/中山里/三愛里/三信里/三多里,,
彰化縣員林市,彰化縣員林市第04選區,10007100-04,源潭里/大埔里/三義里/新生里/南平里/南興里,,
彰化縣溪湖鎮,彰化縣溪湖鎮第01選區,10007110-01,中山里/中竹里/西溪里/湖東里/太平里/光華里/光平里/平和里,,
彰化縣溪湖鎮,彰化縣溪湖鎮第02選區,10007110-02,大竹里/湖西里/田中里/河東里/東寮里/西寮里/大突里/北勢里/汴頭里,,
彰化縣溪湖鎮,彰化縣溪湖鎮第03選區,10007110-03,東溪里/頂庄里/忠覺里/番婆里/湳底里/大庭里/媽厝里/西勢里,,
彰化縣田中鎮,彰化縣田中鎮第01選區,10007120-01,新庄里/碧峰里/東源里/復興里/平和里/香山里/頂潭里,,
彰化縣田中鎮,彰化縣田中鎮第02選區,10007120-02,中路里/西路里/東路里/南路里/梅州里/中潭里/龍潭里/北路里,,
彰化縣田中鎮,彰化縣田中鎮第03選區,10007120-03,三安里/大崙里/沙崙里/新民里/三民里/三光里/大社里,,
彰化縣大村鄉,彰化縣大村鄉第01選區,10007130-01,大橋村/大村村/茄苳村/南勢村/田洋村/貢旗村,,
彰化縣大村鄉,彰化縣大村鄉第02選區,10007130-02,大崙村/加錫村/新興村,,
彰化縣大村鄉,彰化縣大村鄉第03選區,10007130-03,擺塘村/村上村/過溝村,,
彰化縣大村鄉,彰化縣大村鄉第04選區,10007130-04,黃厝村/福興村/美港村/平和村,,
彰化縣埔鹽鄉,彰化縣埔鹽鄉第01選區,10007140-01,埔鹽村/埔南村/廍子村/崑崙村/角樹村/出水村/南港村/打廉村/豐澤村,,
彰化縣埔鹽鄉,彰化縣埔鹽鄉第02選區,10007140-02,好修村/西湖村/大有村/新興村/瓦[磘]村/永平村/永樂村,,
彰化縣埔鹽鄉,彰化縣埔鹽鄉第03選區,10007140-03,太平村/石埤村/天盛村/南新村/新水村/三省村,,
彰化縣埔心鄉,彰化縣埔心鄉第01選區,10007150-01,大華村/仁里村/東門村/埔心村/瓦南村/太平村/經口村/義民村/油車村/瓦北村/瓦中村,,
彰化縣埔心鄉,彰化縣埔心鄉第02選區,10007150-02,舊舘村/南舘村/新舘村/羅厝村/芎蕉村,,
彰化縣埔心鄉,彰化縣埔心鄉第03選區,10007150-03,梧鳳村/埤霞村/二重村/埤脚村,,
彰化縣永靖鄉,彰化縣永靖鄉第01選區,10007160-01,五汴村/浮圳村/光雲村/東寧村/永興村/崙子村,,
彰化縣永靖鄉,彰化縣永靖鄉第02選區,10007160-02,永東村/五福村/湳港村/新莊村/瑚璉村/永西村/永南村/永北村/港西村,,
彰化縣永靖鄉,彰化縣永靖鄉第03選區,10007160-03,敦厚村/崙美村/同安村/獨鰲村/同仁村/湳墘村/四芳村/福興村/竹子村,,
彰化縣社頭鄉,彰化縣社頭鄉第01選區,10007170-01,湳底村/張厝村/舊社村/新厝村/廣福村/橋頭村/社頭村/東興村/廣興村/松竹村,,
彰化縣社頭鄉,彰化縣社頭鄉第02選區,10007170-02,崙雅村/里仁村/美雅村/仁雅村,,
彰化縣社頭鄉,彰化縣社頭鄉第03選區,10007170-03,山湖村/埤斗村/清水村,,
彰化縣社頭鄉,彰化縣社頭鄉第04選區,10007170-04,仁和村/龍井村/泰安村/平和村/朝興村/湳雅村/協和村,,
彰化縣二水鄉,彰化縣二水鄉第01選區,10007180-01,復興村/十五村/合和村/上豊村,,
彰化縣二水鄉,彰化縣二水鄉第02選區,10007180-02,聖化村/裕民村/惠民村/五伯村/光化村/文化村/二水村/過圳村,,
彰化縣二水鄉,彰化縣二水鄉第03選區,10007180-03,倡和村/大園村/修仁村/合興村/源泉村,,
彰化縣北斗鎮,彰化縣北斗鎮第01選區,10007190-01,中寮里/大道里,,
彰化縣北斗鎮,彰化縣北斗鎮第02選區,10007190-02,西德里/西安里,,
彰化縣北斗鎮,彰化縣北斗鎮第03選區,10007190-03,東光里/文昌里/重慶里/五權里/七星里/居仁里/光復里/新政里,,
彰化縣北斗鎮,彰化縣北斗鎮第04選區,10007190-04,中和里/新生里/大新里,,
彰化縣二林鎮,彰化縣二林鎮第01選區,10007200-01,東和里/南光里/西平里/北平里/豐田里,,
彰化縣二林鎮,彰化縣二林鎮第02選區,10007200-02,中西里/廣興里/香田里/外竹里/興華里/東興里/後厝里,,
彰化縣二林鎮,彰化縣二林鎮第03選區,10007200-03,華崙里/萬合里/萬興里/永興里/西庄里/梅芳里/頂厝里/趙甲里/振興里,,
彰化縣二林鎮,彰化縣二林鎮第04選區,10007200-04,東勢里/復豐里/大永里/原斗里/西斗里/東華里,,
彰化縣田尾鄉,彰化縣田尾鄉第01選區,10007210-01,田尾村/饒平村/正義村/南曾村/北曾村/溪畔村/打簾村,,
彰化縣田尾鄉,彰化縣田尾鄉第02選區,10007210-02,豐田村/仁里村/新厝村/溪頂村,,
彰化縣田尾鄉,彰化縣田尾鄉第03選區,10007210-03,陸豐村/海豐村/柳鳳村,,
彰化縣田尾鄉,彰化縣田尾鄉第04選區,10007210-04,睦宜村/福田村/新興村/北鎮村/南鎮村/新生村,,
彰化縣埤頭鄉,彰化縣埤頭鄉第01選區,10007220-01,埤頭村/和豊村/興農村,,
彰化縣埤頭鄉,彰化縣埤頭鄉第02選區,10007220-02,豊崙村/崙子村/合興村/平原村/崙腳村/永豐村,,
彰化縣埤頭鄉,彰化縣埤頭鄉第03選區,10007220-03,元埔村/芙朝村/新庄村,,
彰化縣埤頭鄉,彰化縣埤頭鄉第04選區,10007220-04,竹圍村/中和村/庄內村/大湖村/陸嘉村,,
彰化縣芳苑鄉,彰化縣芳苑鄉第01選區,10007230-01,芳中村/仁愛村/信義村/後寮村/芳苑村/三合村/永興村/新街村,,
彰化縣芳苑鄉,彰化縣芳苑鄉第02選區,10007230-02,路上村/頂廍村/路平村/三成村/福榮村,,
彰化縣芳苑鄉,彰化縣芳苑鄉第03選區,10007230-03,五俊村/新寶村/王功村/博愛村/和平村/民生村/興仁村,,
彰化縣芳苑鄉,彰化縣芳苑鄉第04選區,10007230-04,崙腳村/新生村/漢寶村/草湖村/文津村/建平村,,
彰化縣大城鄉,彰化縣大城鄉第01選區,10007240-01,潭墘村/山腳村,,
彰化縣大城鄉,彰化縣大城鄉第02選區,10007240-02,上山村/東城村/西城村/大城村/永和村/公館村,,
彰化縣大城鄉,彰化縣大城鄉第03選區,10007240-03,菜寮村/豐美村/三豐村,,
彰化縣大城鄉,彰化縣大城鄉第04選區,10007240-04,頂庄村/東港村/西港村/臺西村,,
彰化縣竹塘鄉,彰化縣竹塘鄉第01選區,10007250-01,竹元村/竹塘村/小西村,,
彰化縣竹塘鄉,彰化縣竹塘鄉第02選區,10007250-02,民靖村/五庄村,,
彰化縣竹塘鄉,彰化縣竹塘鄉第03選區,10007250-03,新廣村/樹腳村/田頭村,,
彰化縣竹塘鄉,彰化縣竹塘鄉第04選區,10007250-04,溪墘村/土庫村/內新村/長安村/永安村/竹林村,,
彰化縣溪州鄉,彰化縣溪州鄉第01選區,10007260-01,溪厝村/瓦厝村/坑厝村/溪州村/尾厝村,,
彰化縣溪州鄉,彰化縣溪州鄉第02選區,10007260-02,舊眉村/圳寮村/東州村,,
彰化縣溪州鄉,彰化縣溪州鄉第03選區,10007260-03,潮洋村/西畔村/柑園村/張厝村/成功村/榮光村/大庄村,,
彰化縣溪州鄉,彰化縣溪州鄉第04選區,10007260-04,水尾村/菜公村/三條村/三圳村,,
南投縣南投市,南投縣南投市第01選區,10008010-01,龍泉里/康壽里/三民里/仁和里/南投里/彰仁里/崇文里/三興里/三和里/嘉興里/嘉和里,,
南投縣南投市,南投縣南投市第02選區,10008010-02,光輝里/內新里/光華里/光榮里/光明里/營北里/營南里/內興里/平和里/振興里/千秋里/軍功里/東山里,,
南投縣南投市,南投縣南投市第03選區,10008010-03,漳和里/漳興里/平山里/新興里/永豐里/福興里,,
南投縣南投市,南投縣南投市第04選區,10008010-04,永興里/鳳鳴里/鳳山里/福山里,,
南投縣埔里鎮,南投縣埔里鎮第01選區,10008020-01,杷城里/東門里/水頭里/麒麟里/珠格里/溪南里/枇杷里,,
南投縣埔里鎮,南投縣埔里鎮第02選區,10008020-02,泰安里/北安里/北梅里/南門里/西門里/北門里/大湳里/蜈蚣里,,
南投縣埔里鎮,南投縣埔里鎮第03選區,10008020-03,大城里/籃城里/同聲里/薰化里/清新里/桃米里/成功里,,
南投縣埔里鎮,南投縣埔里鎮第04選區,10008020-04,一新里/廣成里/史港里/福興里/房里里/向善里/牛眠里/合成里/鐵山里/南村里/愛蘭里,,
南投縣草屯鎮,南投縣草屯鎮第01選區,10008030-01,玉峰里/炎峰里/和平里/敦和里/中正里/中山里/明正里,,
南投縣草屯鎮,南投縣草屯鎮第02選區,10008030-02,碧峰里/山腳里/新厝里/碧洲里/復興里/上林里,,
南投縣草屯鎮,南投縣草屯鎮第03選區,10008030-03,御史里/新豐里/新庄里/北投里/石川里/加老里,,
南投縣草屯鎮,南投縣草屯鎮第04選區,10008030-04,富寮里/坪頂里/雙冬里/平林里/土城里/中原里/南埔里/北勢里,,
南投縣竹山鎮,南投縣竹山鎮第01選區,10008040-01,竹山里/下坪里/桂林里/中和里/中崎里/中正里/中山里/雲林里/竹圍里/秀林里/大鞍里,,
南投縣竹山鎮,南投縣竹山鎮第02選區,10008040-02,延祥里/延平里/延正里/中央里/富州里/延山里/延和里/山崇里/社寮里,,
南投縣竹山鎮,南投縣竹山鎮第03選區,10008040-03,硘[磘]里/田子里/福興里/鯉魚里/瑞竹里/坪頂里/桶頭里/德興里,,
南投縣集集鎮,南投縣集集鎮第01選區,10008050-01,集集里/和平里/林尾里,,
南投縣集集鎮,南投縣集集鎮第02選區,10008050-02,隘寮里/田寮里,,
南投縣集集鎮,南投縣集集鎮第03選區,10008050-03,玉映里/吳厝里,,
南投縣集集鎮,南投縣集集鎮第04選區,10008050-04,八張里/永昌里/富山里/廣明里,,
南投縣名間鄉,南投縣名間鄉第01選區,10008060-01,濁水村/炭寮村/新民村/新街村/南雅村/中正村/中山村/仁和村/東湖村/萬丹村,,
南投縣名間鄉,南投縣名間鄉第02選區,10008060-02,田仔村/大庄村/廍下村/大坑村,,
南投縣名間鄉,南投縣名間鄉第03選區,10008060-03,赤水村/三崙村/竹圍村,,
南投縣名間鄉,南投縣名間鄉第04選區,10008060-04,埔中村/崁腳村/新厝村/新光村/松山村/松柏村,,
南投縣鹿谷鄉,南投縣鹿谷鄉第01選區,10008070-01,彰雅村/廣興村/鹿谷村/鳳凰村/永隆村,,
南投縣鹿谷鄉,南投縣鹿谷鄉第02選區,10008070-02,內湖村/竹林村/竹豐村/和雅村,,
南投縣鹿谷鄉,南投縣鹿谷鄉第03選區,10008070-03,初鄉村/秀峰村/清水村/瑞田村,,
南投縣中寮鄉,南投縣中寮鄉第01選區,10008080-01,崁頂村/八仙村/和興村/福盛村/廣興村/復興村,,
南投縣中寮鄉,南投縣中寮鄉第02選區,10008080-02,永平村/中寮村/廣福村/永福村/義和村,,
南投縣中寮鄉,南投縣中寮鄉第03選區,10008080-03,龍安村/內城村/清水村,,
南投縣中寮鄉,南投縣中寮鄉第04選區,10008080-04,永芳村/爽文村/龍岩村/永和村,,
南投縣魚池鄉,南投縣魚池鄉第01選區,10008090-01,東池村/魚池村/大林村/東光村/共和村,,
南投縣魚池鄉,南投縣魚池鄉第02選區,10008090-02,中明村/新城村/五城村/大雁村,,
南投縣魚池鄉,南投縣魚池鄉第03選區,10008090-03,武登村/日月村/水社村/頭社村,,
南投縣國姓鄉,南投縣國姓鄉第01選區,10008100-01,國姓村/石門村,,
南投縣國姓鄉,南投縣國姓鄉第02選區,10008100-02,長豐村/大旗村/北港村/長流村/長福村,,
南投縣國姓鄉,南投縣國姓鄉第03選區,10008100-03,福龜村/乾溝村/柑林村,,
南投縣國姓鄉,南投縣國姓鄉第04選區,10008100-04,北山村/南港村/大石村,,
南投縣水里鄉,南投縣水里鄉第01選區,10008110-01,車埕村/新興村/農富村/新城村/中央村/城中村/水里村,,
南投縣水里鄉,南投縣水里鄉第02選區,10008110-02,民和村/南光村/北埔村/鉅工村/永豐村/頂崁村,,
南投縣水里鄉,南投縣水里鄉第03選區,10008110-03,郡坑村/上安村/新山村,,
南投縣水里鄉,南投縣水里鄉第04選區,10008110-04,永興村/玉峰村/興隆村,,
南投縣信義鄉,南投縣信義鄉第01選區,10008120-01,豐丘村/明德村/愛國村/自強村,,
南投縣信義鄉,南投縣信義鄉第02選區,10008120-02,新鄉村/卡里布安村/羅娜村/望美村,,
南投縣信義鄉,南投縣信義鄉第03選區,10008120-03,神木村/東埔村/同富村,,
南投縣信義鄉,南投縣信義鄉第04選區,10008120-04,雙龍村/人和村/地利村/潭南村,,
南投縣仁愛鄉,南投縣仁愛鄉第01選區,10008130-01,榮興村/南豐村/大同村,,
南投縣仁愛鄉,南投縣仁愛鄉第02選區,10008130-02,春陽村/精英村/翠華村/都達村/德鹿谷村/力行村/發祥村,,
南投縣仁愛鄉,南投縣仁愛鄉第03選區,10008130-03,萬豐村/法治村/中正村/親愛村,,
南投縣仁愛鄉,南投縣仁愛鄉第04選區,10008130-04,互助村/新生村,,
雲林縣斗六市,雲林縣斗六市第01選區,10009010-01,鎮北里/鎮西里/公誠里/鎮東里/明德里/文化里/信義里/三平里/四維里/太平里/中和里/光興里,,
雲林縣斗六市,雲林縣斗六市第02選區,10009010-02,龍潭里/鎮南里/林頭里/重光里/嘉東里/公正里/社口里/成功里/忠孝里/仁愛里/八德里,,
雲林縣斗六市,雲林縣斗六市第03選區,10009010-03,保庄里/虎溪里/久安里/長平里/溝埧里/江厝里/三光里/崙峯里/正心里,,
雲林縣斗六市,雲林縣斗六市第04選區,10009010-04,梅林里/湖山里/榴中里/榴北里/榴南里/溪洲里/長安里/十三里,,
雲林縣斗南鎮,雲林縣斗南鎮第01選區,10009020-01,東仁里/西岐里/南昌里/北銘里/中天里/大同里,,
雲林縣斗南鎮,雲林縣斗南鎮第02選區,10009020-02,林子里/石龜里/靖興里/石溪里/新南里/阿丹里/將軍里,,
雲林縣斗南鎮,雲林縣斗南鎮第03選區,10009020-03,舊社里/僑真里/新崙里/埤麻里/西伯里/明昌里/大東里,,
雲林縣斗南鎮,雲林縣斗南鎮第04選區,10009020-04,小東里/東明里/新光里/田頭里,,
雲林縣虎尾鎮,雲林縣虎尾鎮第01選區,10009030-01,立仁里/建國里/新吉里/穎川里/延平里/中山里/西安里/安慶里/平和里/興南里/新興里/東仁里/公安里/德興里,,
雲林縣虎尾鎮,雲林縣虎尾鎮第02選區,10009030-02,安溪里/興中里/廉使里/埒內里/堀頭里,,
雲林縣虎尾鎮,雲林縣虎尾鎮第03選區,10009030-03,惠來里/頂溪里/中溪里/下溪里,,
雲林縣虎尾鎮,雲林縣虎尾鎮第04選區,10009030-04,東屯里/芳草里/三合里/北溪里/墾地里/西屯里,,
雲林縣西螺鎮,雲林縣西螺鎮第01選區,10009040-01,永安里/中和里/福興里/光華里/振興里/大園里/廣福里/正興里/中興里/漢光里/新安里/新豐里,,
雲林縣西螺鎮,雲林縣西螺鎮第02選區,10009040-02,廣興里/鹿場里/頂湳里/大新里/埤頭里/東興里,,
雲林縣西螺鎮,雲林縣西螺鎮第03選區,10009040-03,公舘里/下湳里/九隆里/吳厝里/七座里,,
雲林縣西螺鎮,雲林縣西螺鎮第04選區,10009040-04,福田里/詔安里/河南里/安定里,,
雲林縣土庫鎮,雲林縣土庫鎮第01選區,10009050-01,石廟里/越港里/溪邊里/忠正里/順天里/宮北里,,
雲林縣土庫鎮,雲林縣土庫鎮第02選區,10009050-02,埤腳里/興新里/奮起里,,
雲林縣土庫鎮,雲林縣土庫鎮第03選區,10009050-03,大荖里/後埔里/崙內里,,
雲林縣土庫鎮,雲林縣土庫鎮第04選區,10009050-04,新庄里/東平里/南平里/北平里/西平里,,
雲林縣北港鎮,雲林縣北港鎮第01選區,10009060-01,東華里/南安里/中和里/義民里/東陽里/光民里/扶朝里/水埔里/共榮里/西勢里/仁和里/華勝里/光復里/賜福里/公舘里/大同里/仁安里,,
雲林縣北港鎮,雲林縣北港鎮第02選區,10009060-02,府番里/草湖里/新厝里/後溝里/新街里/劉厝里,,
雲林縣北港鎮,雲林縣北港鎮第03選區,10009060-03,溝皂里/樹腳里/番溝里/大北里/好收里,,
雲林縣古坑鄉,雲林縣古坑鄉第01選區,10009070-01,新庄村/棋盤村/高林村/荷苞村/東和村,,
雲林縣古坑鄉,雲林縣古坑鄉第02選區,10009070-02,古坑村/朝陽村/西平村/湳仔村/田心村/水碓村,,
雲林縣古坑鄉,雲林縣古坑鄉第03選區,10009070-03,永昌村/麻園村/永光村/崁腳村,,
雲林縣古坑鄉,雲林縣古坑鄉第04選區,10009070-04,華山村/華南村/樟湖村/草嶺村/桂林村,,
雲林縣大埤鄉,雲林縣大埤鄉第01選區,10009080-01,北和村/吉田村/豐岡村/聯美村,,
雲林縣大埤鄉,雲林縣大埤鄉第02選區,10009080-02,南和村/大德村/松竹村/豐田村,,
雲林縣大埤鄉,雲林縣大埤鄉第03選區,10009080-03,尚義村/嘉興村/三結村,,
雲林縣大埤鄉,雲林縣大埤鄉第04選區,10009080-04,怡然村/北鎮村/興安村/西鎮村,,
雲林縣莿桐鄉,雲林縣莿桐鄉第01選區,10009090-01,興桐村/義和村/莿桐村/甘厝村/甘西村,,
雲林縣莿桐鄉,雲林縣莿桐鄉第02選區,10009090-02,埔尾村/埔子村/大美村/興貴村,,
雲林縣莿桐鄉,雲林縣莿桐鄉第03選區,10009090-03,饒平村/四合村/麻園村/五華村/六合村,,
雲林縣林內鄉,雲林縣林內鄉第01選區,10009100-01,林中村/林南村,,
雲林縣林內鄉,雲林縣林內鄉第02選區,10009100-02,林北村/坪頂村,,
雲林縣林內鄉,雲林縣林內鄉第03選區,10009100-03,林茂村/九芎村/湖本村,,
雲林縣林內鄉,雲林縣林內鄉第04選區,10009100-04,重興村/烏塗村/烏麻村,,
雲林縣二崙鄉,雲林縣二崙鄉第01選區,10009110-01,崙東村/崙西村/來惠村,,
雲林縣二崙鄉,雲林縣二崙鄉第02選區,10009110-02,三和村/湳仔村/田尾村,,
雲林縣二崙鄉,雲林縣二崙鄉第03選區,10009110-03,楊賢村/永定村/義庄村/定安村/大華村,,
雲林縣二崙鄉,雲林縣二崙鄉第04選區,10009110-04,大義村/油車村/港後村,,
雲林縣二崙鄉,雲林縣二崙鄉第05選區,10009110-05,大庄村/庄西村/大同村/復興村,,
雲林縣崙背鄉,雲林縣崙背鄉第01選區,10009120-01,東明村/西榮村/南陽村,,
雲林縣崙背鄉,雲林縣崙背鄉第02選區,10009120-02,崙前村/羅厝村/港尾村,,
雲林縣崙背鄉,雲林縣崙背鄉第03選區,10009120-03,五魁村/大有村/阿勸村,,
雲林縣崙背鄉,雲林縣崙背鄉第04選區,10009120-04,草湖村/舊庄村/水尾村/枋南村/豐榮村,,
雲林縣麥寮鄉,雲林縣麥寮鄉第01選區,10009130-01,麥津村/麥豐村/海豐村/瓦[磘]村/興華村,,
雲林縣麥寮鄉,雲林縣麥寮鄉第02選區,10009130-02,中興村/三盛村/後安村,,
雲林縣麥寮鄉,雲林縣麥寮鄉第03選區,10009130-03,橋頭村/崙後村,,
雲林縣麥寮鄉,雲林縣麥寮鄉第04選區,10009130-04,新吉村/施厝村/雷厝村,,
雲林縣東勢鄉,雲林縣東勢鄉第01選區,10009140-01,嘉隆村/復興村/月眉村,,
雲林縣東勢鄉,雲林縣東勢鄉第02選區,10009140-02,東南村/程海村/龍潭村/東北村,,
雲林縣東勢鄉,雲林縣東勢鄉第03選區,10009140-03,同安村/安南村/昌南村,,
雲林縣東勢鄉,雲林縣東勢鄉第04選區,10009140-04,新坤村/四美村,,
雲林縣褒忠鄉,雲林縣褒忠鄉第01選區,10009150-01,中民村/埔姜村,,
雲林縣褒忠鄉,雲林縣褒忠鄉第02選區,10009150-02,馬鳴村/中勝村/新湖村,,
雲林縣褒忠鄉,雲林縣褒忠鄉第03選區,10009150-03,有才村/田洋村,,
雲林縣褒忠鄉,雲林縣褒忠鄉第04選區,10009150-04,潮厝村/龍岩村,,
雲林縣臺西鄉,雲林縣臺西鄉第01選區,10009160-01,山寮村/海口村/台西村/海北村/海南村,,
雲林縣臺西鄉,雲林縣臺西鄉第02選區,10009160-02,光華村/五榔村/溪頂村/牛厝村/泉州村,,
雲林縣臺西鄉,雲林縣臺西鄉第03選區,10009160-03,五港村/富琦村,,
雲林縣臺西鄉,雲林縣臺西鄉第04選區,10009160-04,永豐村/和豐村/蚊港村,,
雲林縣元長鄉,雲林縣元長鄉第01選區,10009170-01,五塊村/潭西村/潭東村/子茂村/後湖村/山內村/合和村/長南村/長北村,,
雲林縣元長鄉,雲林縣元長鄉第02選區,10009170-02,龍岩村/西莊村/客厝村/卓運村/頂寮村/下寮村,,
雲林縣元長鄉,雲林縣元長鄉第03選區,10009170-03,鹿北村/鹿南村/瓦[磘]村/內寮村/崙仔村/新吉村,,
雲林縣四湖鄉,雲林縣四湖鄉第01選區,10009180-01,施湖村/湖寮村/蔡厝村/新庄村/溪底村/鹿場村/湖西村/四湖村,,
雲林縣四湖鄉,雲林縣四湖鄉第02選區,10009180-02,飛沙村/三姓村/內湖村/羊調村/飛東村,,
雲林縣四湖鄉,雲林縣四湖鄉第03選區,10009180-03,崙北村/崙南村/廣溝村/[萡]子村/[萡]東村,,
雲林縣四湖鄉,雲林縣四湖鄉第04選區,10009180-04,林厝村/林東村/溪尾村,,
雲林縣口湖鄉,雲林縣口湖鄉第01選區,10009190-01,埔南村/謝厝村/蚵寮村/湖東村/口湖村/頂湖村/埔北村,,
雲林縣口湖鄉,雲林縣口湖鄉第02選區,10009190-02,崙中村/下崙村/崙東村/青蚶村,,
雲林縣口湖鄉,雲林縣口湖鄉第03選區,10009190-03,港東村/港西村/台子村/成龍村,,
雲林縣口湖鄉,雲林縣口湖鄉第04選區,10009190-04,湖口村/水井村/後厝村/梧南村/梧北村/過港村,,
雲林縣水林鄉,雲林縣水林鄉第01選區,10009200-01,水北村/水南村/後寮村/大溝村/順興村/萬興村/尖山村/大山村,,
雲林縣水林鄉,雲林縣水林鄉第02選區,10009200-02,春埔村/西井村/車港村/蘇秦村/灣東村/灣西村,,
雲林縣水林鄉,雲林縣水林鄉第03選區,10009200-03,松西村/[欍]埔村/塭底村/蕃薯村/山腳村/松北村/松中村,,
雲林縣水林鄉,雲林縣水林鄉第04選區,10009200-04,海埔村/土厝村/溪墘村,,
嘉義縣太保市,嘉義縣太保市第01選區,10010010-01,安仁里/後庄里/前潭里/後潭里/梅埔里/太保里/春珠里/崙頂里/東勢里,,
嘉義縣太保市,嘉義縣太保市第02選區,10010010-02,舊埤里/田尾里/港尾里/新埤里,,
嘉義縣太保市,嘉義縣太保市第03選區,10010010-03,過溝里/麻寮里/南新里/北新里/埤鄉里,,
嘉義縣朴子市,嘉義縣朴子市第01選區,10010020-01,竹圍里/安福里/平和里/內厝里/開元里/永和里/順天里/中正里/博厚里/文化里,,
嘉義縣朴子市,嘉義縣朴子市第02選區,10010020-02,双溪里/溪口里/德興里/仁和里/新寮里/大鄉里/大葛里/佳禾里,,
嘉義縣朴子市,嘉義縣朴子市第03選區,10010020-03,竹村里/德家里/新庄里/梅華里/松華里/崁前里/順安里/崁後里/南竹里,,
嘉義縣布袋鎮,嘉義縣布袋鎮第01選區,10010030-01,振寮里/岱江里/九龍里/岑海里/龍江里/興中里/光復里/見龍里/新厝里,,
嘉義縣布袋鎮,嘉義縣布袋鎮第02選區,10010030-02,西安里/樹林里/貴舍里/東安里/中安里,,
嘉義縣布袋鎮,嘉義縣布袋鎮第03選區,10010030-03,復興里/好美里/永安里/東港里/新民里/江山里/菜舖里/考試里/新岑里,,
嘉義縣大林鎮,嘉義縣大林鎮第01選區,10010040-01,大糖里/東林里/西林里/排路里/西結里/湖北里/吉林里/平林里/明華里/明和里,,
嘉義縣大林鎮,嘉義縣大林鎮第02選區,10010040-02,大美里/過溪里/中坑里/義和里/內林里/上林里/中林里/三和里/溝背里/三村里/三角里,,
嘉義縣民雄鄉,嘉義縣民雄鄉第01選區,10010050-01,平和村/西昌村/東榮村/東湖村/頂崙村/菁埔村/中和村/中樂村/西安村/寮頂村/福權村,,
嘉義縣民雄鄉,嘉義縣民雄鄉第02選區,10010050-02,豊收村/三興村/東興村/鎮北村/北斗村/双福村/福樂村/大崎村/秀林村/松山村,,
嘉義縣民雄鄉,嘉義縣民雄鄉第03選區,10010050-03,興南村/福興村/文隆村/興中村/山中村/中央村/金興村,,
嘉義縣溪口鄉,嘉義縣溪口鄉第01選區,10010060-01,柳溝村/疊溪村/妙崙村/坪頂村/溪東村/溪西村/溪北村,,
嘉義縣溪口鄉,嘉義縣溪口鄉第02選區,10010060-02,本厝村/游西村/柴林村/林腳村/美南村/游東村/美北村,,
嘉義縣新港鄉,嘉義縣新港鄉第01選區,10010070-01,南崙村/北崙村/海瀛村/福德村/古民村/中庄村/大潭村/宮前村/宮後村/大興村/西庄村/埤子村,,
嘉義縣新港鄉,嘉義縣新港鄉第02選區,10010070-02,溪北村/三間村/中洋村/菜公村/月眉村/月潭村/安和村/潭大村/南港村/板頭村/共和村,,
嘉義縣六腳鄉,嘉義縣六腳鄉第01選區,10010080-01,正義村/蒜南村/工廠村/灣南村/灣北村/蒜頭村/蒜東村/雙涵村/塗師村/三義村/溪厝村,,
嘉義縣六腳鄉,嘉義縣六腳鄉第02選區,10010080-02,蘇厝村/竹本村/永賢村/魚寮村/港美村/豐美村/六斗村/崙陽村,,
嘉義縣六腳鄉,嘉義縣六腳鄉第03選區,10010080-03,潭墘村/更寮村/六腳村/六南村/崩山村/古林村,,
嘉義縣東石鄉,嘉義縣東石鄉第01選區,10010090-01,猿樹村/型厝村/塭港村/東石村,,
嘉義縣東石鄉,嘉義縣東石鄉第02選區,10010090-02,下揖村/頂揖村/溪下村/三家村/永屯村/海埔村/龍港村/副瀨村/港口村/鰲鼓村,,
嘉義縣東石鄉,嘉義縣東石鄉第03選區,10010090-03,港墘村/蔦松村/圍潭村/洲仔村/東崙村/西崙村/塭仔村/網寮村/掌潭村,,
嘉義縣義竹鄉,嘉義縣義竹鄉第01選區,10010100-01,仁里村/傳芳村/頭竹村/五厝村/岸腳村/義竹村/六桂村/中平村/埤前村,,
嘉義縣義竹鄉,嘉義縣義竹鄉第02選區,10010100-02,東榮村/龍蛟村/溪洲村/平溪村/西過村/官和村/官順村/新富村/後鎮村/北華村/新店村/東過村/東光村,,
嘉義縣鹿草鄉,嘉義縣鹿草鄉第01選區,10010110-01,鹿草村/西井村/豊稠村/重寮村/後寮村/鹿東村/施家村,,
嘉義縣鹿草鄉,嘉義縣鹿草鄉第02選區,10010110-02,下潭村/光潭村/碧潭村/松竹村/竹山村,,
嘉義縣鹿草鄉,嘉義縣鹿草鄉第03選區,10010110-03,三角村/下麻村/後堀村,,
嘉義縣水上鄉,嘉義縣水上鄉第01選區,10010120-01,水頭村/水上村/粗溪村/下寮村/三和村/回歸村,,
嘉義縣水上鄉,嘉義縣水上鄉第02選區,10010120-02,大堀村/大崙村/塗溝村/龍德村/溪洲村/三鎮村/靖和村/南和村,,
嘉義縣水上鄉,嘉義縣水上鄉第03選區,10010120-03,國姓村/內溪村/義興村/忠和村/中庄村/南鄉村/三界村/柳林村/柳鄉村/柳新村/寬士村/民生村,,
嘉義縣中埔鄉,嘉義縣中埔鄉第01選區,10010130-01,和興村/富收村/和睦村/和美村,,
嘉義縣中埔鄉,嘉義縣中埔鄉第02選區,10010130-02,中埔村/塩舘村/金蘭村/社口村/灣潭村/隆興村/義仁村,,
嘉義縣中埔鄉,嘉義縣中埔鄉第03選區,10010130-03,龍門村/裕民村/深坑村/東興村/中崙村/石硦村/頂埔村/同仁村/瑞豐村/沄水村/三層村,,
嘉義縣竹崎鄉,嘉義縣竹崎鄉第01選區,10010140-01,竹崎村/和平村/坑頭村/灣橋村/沙坑村/獅埜村/義和村/義仁村,,
嘉義縣竹崎鄉,嘉義縣竹崎鄉第02選區,10010140-02,鹿滿村/內埔村/昇平村/白杞村/桃源村/紫雲村/塘興村/義隆村,,
嘉義縣竹崎鄉,嘉義縣竹崎鄉第03選區,10010140-03,仁壽村/中和村/光華村/復金村/緞繻村/金獅村/龍山村/文峯村,,
嘉義縣梅山鄉,嘉義縣梅山鄉第01選區,10010150-01,梅東村/梅南村/圳北村/過山村/梅北村/圳南村,,
嘉義縣梅山鄉,嘉義縣梅山鄉第02選區,10010150-02,半天村/大南村/永興村/双溪村/安靖村,,
嘉義縣梅山鄉,嘉義縣梅山鄉第03選區,10010150-03,太平村/碧湖村/龍眼村/太興村/瑞峯村/瑞里村/太和村,,
嘉義縣番路鄉,嘉義縣番路鄉第01選區,10010160-01,江西村/民和村/內甕村/新福村/下坑村/番路村,,
嘉義縣番路鄉,嘉義縣番路鄉第02選區,10010160-02,觸口村/大湖村/公田村/公興村/草山村,,
嘉義縣大埔鄉,嘉義縣大埔鄉第01選區,10010170-01,大埔村/和平村/永樂村,,
嘉義縣大埔鄉,嘉義縣大埔鄉第02選區,10010170-02,西興村/茄苳村,,
嘉義縣阿里山鄉,嘉義縣阿里山鄉第01選區,10010180-01,十字村/豐山村/中山村/中正村/香林村,,
嘉義縣阿里山鄉,嘉義縣阿里山鄉第02選區,10010180-02,來吉村/達邦村/樂野村,,
嘉義縣阿里山鄉,嘉義縣阿里山鄉第03選區,10010180-03,里佳村/山美村/新美村/茶山村,,
屏東縣屏東市,屏東縣屏東市第01選區,10013010-01,維新里/光榮里/大埔里/大同里,,
屏東縣屏東市,屏東縣屏東市第02選區,10013010-02,金泉里/楠樹里/豐年里/瑞光里/橋北里/長春里/豐榮里/豐源里/橋南里/歸心里/豐田里/大連里/湖西里/湖南里,,
屏東縣屏東市,屏東縣屏東市第03選區,10013010-03,崇武里/頂宅里/厚生里/建國里/新生里/一心里/義勇里/前進里/清溪里/長安里/永光里/大洲里/大武里/龍華里/玉成里/頂柳里/大湖里/永安里/新興里/公館里/安鎮里,,
屏東縣屏東市,屏東縣屏東市第04選區,10013010-04,仁愛里/廣興里/三山里/海豐里/仁義里/和興里/崇蘭里/空翔里/潭墘里/華山里/勝利里/永城里/溝美里/北勢里/中正里/北興里/信和里/崇陽里/公園里/斯文里,,
屏東縣潮州鎮,屏東縣潮州鎮第01選區,10013020-01,九塊里/潮州里/彭城里/三星里/三共里/三和里/同榮里/光華里,,
屏東縣潮州鎮,屏東縣潮州鎮第02選區,10013020-02,五魁里/蓬萊里/八爺里/檨子里/永春里/富春里/光春里/興美里/新榮里/新生里,,
屏東縣潮州鎮,屏東縣潮州鎮第03選區,10013020-03,四春里/崙東里/泗林里,,
屏東縣東港鎮,屏東縣東港鎮第01選區,10013030-01,興農里/新街里/東光里/內關帝里/東新里/新勝里/頂中里,,
屏東縣東港鎮,屏東縣東港鎮第02選區,10013030-02,福德里/朝安里/東隆里,,
屏東縣東港鎮,屏東縣東港鎮第03選區,10013030-03,豐漁里/盛漁里/興漁里/鎮海里/嘉蓮里/南平里,,
屏東縣東港鎮,屏東縣東港鎮第04選區,10013030-04,興和里/共和里/東津里/船頭里/下廍里/大潭里,,
屏東縣恆春鎮,屏東縣恆春鎮第01選區,10013040-01,城南里/城北里/城西里,,
屏東縣恆春鎮,屏東縣恆春鎮第02選區,10013040-02,德和里/網紗里/仁壽里/茄湖里/頭溝里/四溝里,,
屏東縣恆春鎮,屏東縣恆春鎮第03選區,10013040-03,龍水里/山海里/大光里/水泉里,,
屏東縣恆春鎮,屏東縣恆春鎮第04選區,10013040-04,南灣里/墾丁里/鵝鑾里/山腳里,,
屏東縣萬丹鄉,屏東縣萬丹鄉第01選區,10013050-01,甘棠村/新鐘村/興全村/興安村/新庄村/香社村/水仙村,,
屏東縣萬丹鄉,屏東縣萬丹鄉第02選區,10013050-02,田厝村/萬全村/萬後村/萬生村/寶厝村/萬安村/萬惠村/四維村/竹林村/水泉村,,
屏東縣萬丹鄉,屏東縣萬丹鄉第03選區,10013050-03,崙頂村/厦北村/厦南村/灣內村/後村村,,
屏東縣萬丹鄉,屏東縣萬丹鄉第04選區,10013050-04,上村村/加興村/社口村/磚寮村/社皮村/社上村/廣安村/社中村,,
屏東縣長治鄉,屏東縣長治鄉第01選區,10013060-01,新潭村/潭頭村/香楊村/長興村/進興村,,
屏東縣長治鄉,屏東縣長治鄉第02選區,10013060-02,德榮村/德和村/德成村/德協村/復興村/崙上村,,
屏東縣長治鄉,屏東縣長治鄉第03選區,10013060-03,繁昌村/繁榮村/繁隆村/榮華村/繁華村,,
屏東縣麟洛鄉,屏東縣麟洛鄉第01選區,10013070-01,新田村,,
屏東縣麟洛鄉,屏東縣麟洛鄉第02選區,10013070-02,麟頂村/麟蹄村,,
屏東縣麟洛鄉,屏東縣麟洛鄉第03選區,10013070-03,麟趾村,,
屏東縣麟洛鄉,屏東縣麟洛鄉第04選區,10013070-04,田中村/田心村/田道村,,
屏東縣九如鄉,屏東縣九如鄉第01選區,10013080-01,九清村/九塊村/九明村/大坵村,,
屏東縣九如鄉,屏東縣九如鄉第02選區,10013080-02,玉泉村/東寧村/玉水村,,
屏東縣九如鄉,屏東縣九如鄉第03選區,10013080-03,耆老村/三塊村,,
屏東縣九如鄉,屏東縣九如鄉第04選區,10013080-04,洽興村/後庄村,,
屏東縣里港鄉,屏東縣里港鄉第01選區,10013090-01,玉田村/塔樓村/潮厝村,,
屏東縣里港鄉,屏東縣里港鄉第02選區,10013090-02,大平村/永春村/春林村/過江村,,
屏東縣里港鄉,屏東縣里港鄉第03選區,10013090-03,載興村/茄苳村/鐵店村,,
屏東縣里港鄉,屏東縣里港鄉第04選區,10013090-04,土庫村/三廍村/中和村/瀰力村,,
屏東縣鹽埔鄉,屏東縣鹽埔鄉第01選區,10013100-01,高朗村/鹽北村/鹽中村/鹽南村/仕絨村,,
屏東縣鹽埔鄉,屏東縣鹽埔鄉第02選區,10013100-02,久愛村/振興村,,
屏東縣鹽埔鄉,屏東縣鹽埔鄉第03選區,10013100-03,新圍村/新二村,,
屏東縣鹽埔鄉,屏東縣鹽埔鄉第04選區,10013100-04,永隆村/彭厝村/洛陽村,,
屏東縣高樹鄉,屏東縣高樹鄉第01選區,10013110-01,高樹村/長榮村/東興村/東振村/源泉村/建興村/大埔村,,
屏東縣高樹鄉,屏東縣高樹鄉第02選區,10013110-02,新豐村/舊寮村/菜寮村/司馬村,,
屏東縣高樹鄉,屏東縣高樹鄉第03選區,10013110-03,泰山村/南華村/廣福村/廣興村,,
屏東縣高樹鄉,屏東縣高樹鄉第04選區,10013110-04,新南村/舊庄村/田子村/鹽樹村,,
屏東縣萬巒鄉,屏東縣萬巒鄉第01選區,10013120-01,萬巒村/萬全村/萬和村/鹿寮村/硫黃村,,
屏東縣萬巒鄉,屏東縣萬巒鄉第02選區,10013120-02,五溝村/成德村/泗溝村,,
屏東縣萬巒鄉,屏東縣萬巒鄉第03選區,10013120-03,萬金村/赤山村,,
屏東縣萬巒鄉,屏東縣萬巒鄉第04選區,10013120-04,佳佐村/佳和村/新厝村/新置村,,
屏東縣內埔鄉,屏東縣內埔鄉第01選區,10013130-01,內埔村/和興村/東寧村/內田村/興南村/義亭村/美和村,,
屏東縣內埔鄉,屏東縣內埔鄉第02選區,10013130-02,富田村/竹圍村/豐田村/振豐村,,
屏東縣內埔鄉,屏東縣內埔鄉第03選區,10013130-03,東勢村/東片村/上樹村,,
屏東縣內埔鄉,屏東縣內埔鄉第04選區,10013130-04,大新村/黎明村/隘寮村/水門村/龍泉村/龍潭村/建興村/老埤村/中林村,,
屏東縣竹田鄉,屏東縣竹田鄉第01選區,10013140-01,頭崙村/二崙村/美崙村/竹田村/竹南村/糶糴村/履豐村,,
屏東縣竹田鄉,屏東縣竹田鄉第02選區,10013140-02,福田村/永豐村/南勢村/西勢村,,
屏東縣竹田鄉,屏東縣竹田鄉第03選區,10013140-03,六巷村/泗洲村/大湖村/鳳明村,,
屏東縣新埤鄉,屏東縣新埤鄉第01選區,10013150-01,南豐村/新埤村/建功村/打鐵村,,
屏東縣新埤鄉,屏東縣新埤鄉第02選區,10013150-02,萬隆村/箕湖村/餉潭村,,
屏東縣枋寮鄉,屏東縣枋寮鄉第01選區,10013160-01,保生村/中寮村/安樂村/隆山村/枋寮村/新龍村,,
屏東縣枋寮鄉,屏東縣枋寮鄉第02選區,10013160-02,天時村/地利村/人和村/內寮村/新開村,,
屏東縣枋寮鄉,屏東縣枋寮鄉第03選區,10013160-03,東海村/大庄村/太源村/玉泉村,,
屏東縣新園鄉,屏東縣新園鄉第01選區,10013170-01,仙吉村/田洋村/港墘村/瓦[磘]村,,
屏東縣新園鄉,屏東縣新園鄉第02選區,10013170-02,港西村/內庄村/新東村/新園村,,
屏東縣新園鄉,屏東縣新園鄉第03選區,10013170-03,中洲村/南龍村/烏龍村/興龍村,,
屏東縣新園鄉,屏東縣新園鄉第04選區,10013170-04,五房村/鹽埔村/共和村,,
屏東縣崁頂鄉,屏東縣崁頂鄉第01選區,10013180-01,崁頂村/園寮村,,
屏東縣崁頂鄉,屏東縣崁頂鄉第02選區,10013180-02,圍內村/力社村,,
屏東縣崁頂鄉,屏東縣崁頂鄉第03選區,10013180-03,洲子村/北勢村,,
屏東縣崁頂鄉,屏東縣崁頂鄉第04選區,10013180-04,越溪村/港東村,,
屏東縣林邊鄉,屏東縣林邊鄉第01選區,10013190-01,林邊村/光林村/中林村/永樂村,,
屏東縣林邊鄉,屏東縣林邊鄉第02選區,10013190-02,仁和村/田厝村/水利村/崎峯村,,
屏東縣林邊鄉,屏東縣林邊鄉第03選區,10013190-03,鎮安村/竹林村,,
屏東縣南州鄉,屏東縣南州鄉第01選區,10013200-01,溪南村/七塊村/溪洲村/萬華村,,
屏東縣南州鄉,屏東縣南州鄉第02選區,10013200-02,仁里村/溪北村,,
屏東縣南州鄉,屏東縣南州鄉第03選區,10013200-03,米崙村/壽元村,,
屏東縣南州鄉,屏東縣南州鄉第04選區,10013200-04,南安村/同安村,,
屏東縣佳冬鄉,屏東縣佳冬鄉第01選區,10013210-01,佳冬村/六根村/賴家村/萬建村,,
屏東縣佳冬鄉,屏東縣佳冬鄉第02選區,10013210-02,石光村/玉光村,,
屏東縣佳冬鄉,屏東縣佳冬鄉第03選區,10013210-03,羌園村/大同村/昌隆村/豐隆村,,
屏東縣佳冬鄉,屏東縣佳冬鄉第04選區,10013210-04,塭豐村/燄溫村,,
屏東縣琉球鄉,屏東縣琉球鄉第01選區,10013220-01,本福村/中福村,,
屏東縣琉球鄉,屏東縣琉球鄉第02選區,10013220-02,漁福村/大福村,,
屏東縣琉球鄉,屏東縣琉球鄉第03選區,10013220-03,南福村/天福村,,
屏東縣琉球鄉,屏東縣琉球鄉第04選區,10013220-04,杉福村/上福村,,
屏東縣車城鄉,屏東縣車城鄉第01選區,10013230-01,田中村/海口村,,
屏東縣車城鄉,屏東縣車城鄉第02選區,10013230-02,福興村/福安村/統埔村/溫泉村,,
屏東縣車城鄉,屏東縣車城鄉第03選區,10013230-03,保力村,,
屏東縣車城鄉,屏東縣車城鄉第04選區,10013230-04,射寮村/後灣村/新街村/埔墘村,,
屏東縣滿州鄉,屏東縣滿州鄉第01選區,10013240-01,滿州村/里德村/响林村,,
屏東縣滿州鄉,屏東縣滿州鄉第02選區,10013240-02,永靖村/港口村,,
屏東縣滿州鄉,屏東縣滿州鄉第03選區,10013240-03,長樂村/九棚村/港仔村,,
屏東縣枋山鄉,屏東縣枋山鄉第01選區,10013250-01,枋山村,,
屏東縣枋山鄉,屏東縣枋山鄉第02選區,10013250-02,加祿村,,
屏東縣枋山鄉,屏東縣枋山鄉第03選區,10013250-03,楓港村/善餘村,,
屏東縣三地門鄉,屏東縣三地門鄉第01選區,10013260-01,大社村/三地村/達來村/德文村,,
屏東縣三地門鄉,屏東縣三地門鄉第02選區,10013260-02,青葉村/賽嘉村/口社村/馬兒村/安坡村/青山村,,
屏東縣霧臺鄉,屏東縣霧臺鄉第01選區,10013270-01,吉露村/霧台村/阿禮村,,
屏東縣霧臺鄉,屏東縣霧臺鄉第02選區,10013270-02,大武村/佳暮村/好茶村,,
屏東縣瑪家鄉,屏東縣瑪家鄉第01選區,10013280-01,北葉村/瑪家村,,
屏東縣瑪家鄉,屏東縣瑪家鄉第02選區,10013280-02,凉山村/佳義村/排灣村,,
屏東縣泰武鄉,屏東縣泰武鄉第01選區,10013290-01,佳平村/武潭村/平和村/萬安村,,
屏東縣泰武鄉,屏東縣泰武鄉第02選區,10013290-02,佳興村/泰武村,,
屏東縣來義鄉,屏東縣來義鄉第01選區,10013300-01,丹林村/古樓村/來義村/義林村,,
屏東縣來義鄉,屏東縣來義鄉第02選區,10013300-02,文樂村/望嘉村/南和村,,
屏東縣春日鄉,屏東縣春日鄉第01選區,10013310-01,古華村/士文村/春日村,,
屏東縣春日鄉,屏東縣春日鄉第02選區,10013310-02,七佳村/歸崇村/力里村,,
屏東縣獅子鄉,屏東縣獅子鄉第01選區,10013320-01,楓林村/丹路村/草埔村/內文村,,
屏東縣獅子鄉,屏東縣獅子鄉第02選區,10013320-02,竹坑村/獅子村/內獅村/南世村,,
屏東縣牡丹鄉,屏東縣牡丹鄉第01選區,10013330-01,石門村/牡丹村/東源村/旭海村,,
屏東縣牡丹鄉,屏東縣牡丹鄉第02選區,10013330-02,高士村/四林村,,
臺東縣臺東市,臺東縣臺東市第01選區,10014010-01,建國里/中華里/中正里/成功里/文化里/中山里,,
臺東縣臺東市,臺東縣臺東市第02選區,10014010-02,仁和里/馬蘭里/中心里/自強里/民族里/富岡里/南榮里/新生里/民生里/寶桑里/岩灣里/南王里/卑南里,,
臺東縣臺東市,臺東縣臺東市第03選區,10014010-03,豐里里/豐原里/豐安里/豐盛里/豐年里/光明里/豐樂里/永樂里/豐谷里/康樂里/東海里/新興里/豐榮里,,
臺東縣臺東市,臺東縣臺東市第04選區,10014010-04,建和里/建興里/知本里/建農里/豐田里/新園里,,
臺東縣成功鎮,臺東縣成功鎮第01選區,10014020-01,忠智里/忠仁里/和平里/信義里/博愛里/忠孝里/三仙里/三民里,,
臺東縣關山鎮,臺東縣關山鎮第01選區,10014030-01,中福里/里壠里/豐泉里,,
臺東縣關山鎮,臺東縣關山鎮第02選區,10014030-02,德高里/新福里,,
臺東縣關山鎮,臺東縣關山鎮第03選區,10014030-03,電光里/月眉里,,
臺東縣卑南鄉,臺東縣卑南鄉第01選區,10014040-01,太平村/利嘉村/東興村/溫泉村/富山村/富源村/利吉村/賓朗村/泰安村,,
臺東縣卑南鄉,臺東縣卑南鄉第02選區,10014040-02,明峰村/初鹿村/嘉豐村/美農村,,
臺東縣鹿野鄉,臺東縣鹿野鄉第01選區,10014050-01,永安村/鹿野村/龍田村,,
臺東縣鹿野鄉,臺東縣鹿野鄉第02選區,10014050-02,瑞豐村/瑞源村/瑞隆村/瑞和村,,
臺東縣池上鄉,臺東縣池上鄉第01選區,10014060-01,福文村/大埔村/福原村/新興村,,
臺東縣池上鄉,臺東縣池上鄉第02選區,10014060-02,慶豐村/大坡村,,
臺東縣池上鄉,臺東縣池上鄉第03選區,10014060-03,振興村/富興村/錦園村/萬安村,,
臺東縣東河鄉,臺東縣東河鄉第01選區,10014070-01,北源村/泰源村/東河村/尚德村/隆昌村/興昌村/都蘭村,,
臺東縣長濱鄉,臺東縣長濱鄉第01選區,10014080-01,樟原村/三間村/忠勇村/長濱村/竹湖村/寧埔村,,
臺東縣太麻里鄉,臺東縣太麻里鄉第01選區,10014090-01,美和村/三和村/華源村/北里村,,
臺東縣太麻里鄉,臺東縣太麻里鄉第02選區,10014090-02,大王村/香蘭村/金崙村/多良村/泰和村,,
臺東縣大武鄉,臺東縣大武鄉第01選區,10014100-01,大竹村/大鳥村/大武村/尚武村/南興村,,
臺東縣綠島鄉,臺東縣綠島鄉第01選區,10014110-01,南寮村,,
臺東縣綠島鄉,臺東縣綠島鄉第02選區,10014110-02,中寮村,,
臺東縣綠島鄉,臺東縣綠島鄉第03選區,10014110-03,公舘村,,
臺東縣海端鄉,臺東縣海端鄉第01選區,10014120-01,霧鹿村/利稻村,,
臺東縣海端鄉,臺東縣海端鄉第02選區,10014120-02,廣原村/海端村,,
臺東縣海端鄉,臺東縣海端鄉第03選區,10014120-03,加拿村/崁頂村,,
臺東縣延平鄉,臺東縣延平鄉第01選區,10014130-01,桃源村/紅葉村,,
臺東縣延平鄉,臺東縣延平鄉第02選區,10014130-02,武陵村/永康村,,
臺東縣延平鄉,臺東縣延平鄉第03選區,10014130-03,鸞山村,,
臺東縣金峰鄉,臺東縣金峰鄉第01選區,10014140-01,嘉蘭村,,
臺東縣金峰鄉,臺東縣金峰鄉第02選區,10014140-02,新興村/正興村,,
臺東縣金峰鄉,臺東縣金峰鄉第03選區,10014140-03,賓茂村/歷坵村,,
臺東縣達仁鄉,臺東縣達仁鄉第01選區,10014150-01,森永村/南田村,,
臺東縣達仁鄉,臺東縣達仁鄉第02選區,10014150-02,新化村/安朔村,,
臺東縣達仁鄉,臺東縣達仁鄉第03選區,10014150-03,台坂村/土坂村,,
臺東縣蘭嶼鄉,臺東縣蘭嶼鄉第01選區,10014160-01,朗島村/紅頭村/椰油村/東清村,,
花蓮縣花蓮市,花蓮縣花蓮市第01選區,10015010-01,民享里/民心里/民樂里/民孝里/民意里/民政里/民勤里/民立里/民運里/民德里,,
花蓮縣花蓮市,花蓮縣花蓮市第02選區,10015010-02,民有里/民權里/民主里/民生里/民族里,,
花蓮縣花蓮市,花蓮縣花蓮市第03選區,10015010-03,主計里/主權里/主商里/主學里/主勤里/主力里/主安里/主義里/主工里/主農里/主睦里/主和里/主信里,,
花蓮縣花蓮市,花蓮縣花蓮市第04選區,10015010-04,國安里/國魂里/國慶里/國華里/國防里/國光里/國聯里/國強里/國裕里/國盛里/國興里/國福里/國富里/國治里/國威里/國風里,,
花蓮縣鳳林鎮,花蓮縣鳳林鎮第01選區,10015020-01,鳳智里/鳳信里/山興里/大榮里/鳳仁里/鳳義里/鳳禮里,,
花蓮縣鳳林鎮,花蓮縣鳳林鎮第02選區,10015020-02,林榮里/北林里/南平里,,
花蓮縣鳳林鎮,花蓮縣鳳林鎮第03選區,10015020-03,長橋里/森榮里,,
花蓮縣玉里鎮,花蓮縣玉里鎮第01選區,10015030-01,三民里/大禹里/永昌里/泰昌里/國武里/源城里/中城里/啟模里/長良里,,
花蓮縣玉里鎮,花蓮縣玉里鎮第02選區,10015030-02,觀音里/松浦里/春日里/德武里/樂合里/東豐里,,
花蓮縣新城鄉,花蓮縣新城鄉第01選區,10015040-01,順安村/新城村,,
花蓮縣新城鄉,花蓮縣新城鄉第02選區,10015040-02,康樂村/北埔村/大漢村/新秀村,,
花蓮縣新城鄉,花蓮縣新城鄉第03選區,10015040-03,佳林村/嘉里村/嘉新村,,
花蓮縣吉安鄉,花蓮縣吉安鄉第01選區,10015050-01,南昌村/宜昌村/北昌村/勝安村/太昌村/永安村,,
花蓮縣吉安鄉,花蓮縣吉安鄉第02選區,10015050-02,干城村/慶豐村/吉安村/福興村/南華村,,
花蓮縣吉安鄉,花蓮縣吉安鄉第03選區,10015050-03,仁里村/東昌村/永興村/稻香村/仁安村/仁和村/光華村,,
花蓮縣壽豐鄉,花蓮縣壽豐鄉第01選區,10015060-01,志學村/月眉村/平和村/光榮村/池南村/共和村/壽豐村,,
花蓮縣壽豐鄉,花蓮縣壽豐鄉第02選區,10015060-02,米棧村/樹湖村/溪口村/豐山村/豐裡村/豐坪村,,
花蓮縣壽豐鄉,花蓮縣壽豐鄉第03選區,10015060-03,水璉村/鹽寮村,,
花蓮縣光復鄉,花蓮縣光復鄉第01選區,10015070-01,東富村/西富村/南富村/北富村/大安村/大華村/大平村/大馬村/大同村/大進村,,
花蓮縣光復鄉,花蓮縣光復鄉第02選區,10015070-02,大豐村/大全村/大興村/大富村,,
花蓮縣豐濱鄉,花蓮縣豐濱鄉第01選區,10015080-01,豐濱村/新社村/磯崎村/港口村/靜浦村,,
花蓮縣瑞穗鄉,花蓮縣瑞穗鄉第01選區,10015090-01,瑞北村/舞鶴村/鶴岡村/奇美村/瑞穗村/瑞美村/瑞良村/瑞祥村,,
花蓮縣瑞穗鄉,花蓮縣瑞穗鄉第02選區,10015090-02,富源村/富民村/富興村,,
花蓮縣富里鄉,花蓮縣富里鄉第01選區,10015100-01,吳江村/東里村/萬寧村/新興村/竹田村/羅山村,,
花蓮縣富里鄉,花蓮縣富里鄉第02選區,10015100-02,永豐村/豐南村/富南村/學田村/石牌村/明里村/富里村,,
花蓮縣秀林鄉,花蓮縣秀林鄉第01選區,10015110-01,崇德村/和平村/富世村/秀林村,,
花蓮縣秀林鄉,花蓮縣秀林鄉第02選區,10015110-02,景美村/佳民村,,
花蓮縣秀林鄉,花蓮縣秀林鄉第03選區,10015110-03,文蘭村/水源村/銅門村,,
花蓮縣萬榮鄉,花蓮縣萬榮鄉第01選區,10015120-01,西林村/見晴村,,
花蓮縣萬榮鄉,花蓮縣萬榮鄉第02選區,10015120-02,萬榮村/明利村,,
花蓮縣萬榮鄉,花蓮縣萬榮鄉第03選區,10015120-03,馬遠村/紅葉村,,
花蓮縣卓溪鄉,花蓮縣卓溪鄉第01選區,10015130-01,崙山村/立山村/太平村,,
花蓮縣卓溪鄉,花蓮縣卓溪鄉第02選區,10015130-02,卓溪村/卓清村/古風村,,
澎湖縣馬公市,澎湖縣馬公市第01選區,10016010-01,中央里/啟明里/重慶里/中興里/復興里/長安里,,
澎湖縣馬公市,澎湖縣馬公市第02選區,10016010-02,光明里/朝陽里/陽明里/重光里/西衛里/光復里/光榮里,,
澎湖縣馬公市,澎湖縣馬公市第03選區,10016010-03,西文里/東文里/案山里/光華里/前寮里/石泉里/菜園里/東衛里/安宅里/烏崁里/興仁里,,
澎湖縣馬公市,澎湖縣馬公市第04選區,10016010-04,井垵里/[嵵]裡里/風櫃里/虎井里/桶盤里/鐵線里/山水里/鎖港里/五德里,,
澎湖縣湖西鄉,澎湖縣湖西鄉第01選區,10016020-01,青螺村/白坑村/南寮村/北寮村/湖西村/湖東村/紅羅村/西溪村,,
澎湖縣湖西鄉,澎湖縣湖西鄉第02選區,10016020-02,許家村/沙港村/東石村/中西村/潭邊村/鼎灣村/成功村,,
澎湖縣湖西鄉,澎湖縣湖西鄉第03選區,10016020-03,城北村/太武村/隘門村/林投村/尖山村/龍門村/菓葉村,,
澎湖縣白沙鄉,澎湖縣白沙鄉第01選區,10016030-01,大倉村/講美村/城前村/鎮海村/港子村/中屯村,,
澎湖縣白沙鄉,澎湖縣白沙鄉第02選區,10016030-02,鳥嶼村/員貝村/岐頭村/小赤村/赤崁村/瓦硐村,,
澎湖縣白沙鄉,澎湖縣白沙鄉第03選區,10016030-03,後寮村/通梁村,,
澎湖縣白沙鄉,澎湖縣白沙鄉第04選區,10016030-04,吉貝村,,
澎湖縣西嶼鄉,澎湖縣西嶼鄉第01選區,10016040-01,橫礁村/合界村/小門村/竹灣村,,
澎湖縣西嶼鄉,澎湖縣西嶼鄉第02選區,10016040-02,赤馬村/大池村/二崁村/池東村/池西村,,
澎湖縣西嶼鄉,澎湖縣西嶼鄉第03選區,10016040-03,內垵村/外垵村,,
澎湖縣望安鄉,澎湖縣望安鄉第01選區,10016050-01,東安村/西安村/中社村/水垵村,,
澎湖縣望安鄉,澎湖縣望安鄉第02選區,10016050-02,將軍村,,
澎湖縣望安鄉,澎湖縣望安鄉第03選區,10016050-03,東吉村/花嶼村/東坪村/西坪村,,
澎湖縣七美鄉,澎湖縣七美鄉第01選區,10016060-01,東湖村/西湖村,,
澎湖縣七美鄉,澎湖縣七美鄉第02選區,10016060-02,中和村/平和村,,
澎湖縣七美鄉,澎湖縣七美鄉第03選區,10016060-03,海豐村/南港村,,
高雄市茂林區,高雄市茂林區第01選區,64000360-01,萬山里/多納里,,
高雄市茂林區,高雄市茂林區第02選區,64000360-02,茂林里,,
高雄市桃源區,高雄市桃源區第01選區,64000370-01,勤和里/復興里/拉芙蘭里/梅山里/桃源里/高中里,,
高雄市桃源區,高雄市桃源區第02選區,64000370-02,寶山里/建山里,,
高雄市那瑪夏區,高雄市那瑪夏區第01選區,64000380-01,達卡努瓦里,,
高雄市那瑪夏區,高雄市那瑪夏區第02選區,64000380-02,瑪雅里/南沙魯里,,
新北市烏來區,新北市烏來區第01選區,65000290-01,忠治里,,
新北市烏來區,新北市烏來區第02選區,65000290-02,孝義里/烏來里,,
新北市烏來區,新北市烏來區第03選區,65000290-03,信賢里,,
新北市烏來區,新北市烏來區第04選區,65000290-04,福山里,,
臺中市和平區,臺中市和平區第01選區,66000290-01,南勢里/天輪里/博愛里,,
臺中市和平區,臺中市和平區第02選區,66000290-02,中坑里/自由里/達觀里,,
臺中市和平區,臺中市和平區第03選區,66000290-03,梨山里/平等里,,
桃園市復興區,桃園市復興區第01選區,68000130-01,義盛里/霞雲里/三民里/澤仁里,,
桃園市復興區,桃園市復興區第02選區,68000130-02,長興里/奎輝里/羅浮里,,
桃園市復興區,桃園市復興區第03選區,68000130-03,高義里/三光里/華陵里,,
